{
	"credit": "Made with Blockbench",
	"texture_size": [64, 64],
	"textures": {
		"0": "./shotgun",
		"particle": "./shotgun"
	},
	"elements": [
		{
			"from": [6, 2, 2.5],
			"to": [8, 4, 11],
			"rotation": {"angle": 0, "axis": "y", "origin": [8, 1.25, 13.76082]},
			"faces": {
				"north": {"uv": [0, 0, 1, 1], "texture": "#0"},
				"east": {"uv": [5.25, 1, 1, 2], "texture": "#0"},
				"south": {"uv": [0, 1, 1, 2], "texture": "#0"},
				"west": {"uv": [1, 1, 5.25, 2], "texture": "#0"},
				"up": {"uv": [1, 1, 5.25, 0], "rotation": 90, "texture": "#0"},
				"down": {"uv": [0, 3, 4.25, 2], "rotation": 90, "texture": "#0"}
			}
		},
		{
			"from": [8, 2, 2.5],
			"to": [10, 4, 11],
			"rotation": {"angle": 0, "axis": "y", "origin": [8, 1.25, 13.76082]},
			"faces": {
				"north": {"uv": [0, 0, 1, 1], "texture": "#0"},
				"east": {"uv": [5.25, 1, 1, 2], "texture": "#0"},
				"south": {"uv": [0, 1, 1, 2], "texture": "#0"},
				"west": {"uv": [1, 1, 5.25, 2], "texture": "#0"},
				"up": {"uv": [1, 0, 5.25, 1], "rotation": 90, "texture": "#0"},
				"down": {"uv": [0, 2, 4.25, 3], "rotation": 90, "texture": "#0"}
			}
		},
		{
			"from": [6.5, 1, 3],
			"to": [9.5, 2, 11],
			"rotation": {"angle": 0, "axis": "y", "origin": [8, 1.25, 13.76082]},
			"faces": {
				"north": {"uv": [5.25, 0, 5.75, 1.5], "rotation": 90, "texture": "#0"},
				"east": {"uv": [13.75, 0, 9.75, 0.5], "texture": "#0"},
				"south": {"uv": [5.25, 0, 5.75, 1.5], "rotation": 90, "texture": "#0"},
				"west": {"uv": [9.75, 0, 13.75, 0.5], "texture": "#0"},
				"up": {"uv": [9.75, 1.5, 5.75, 0], "rotation": 90, "texture": "#0"},
				"down": {"uv": [5.75, 0, 9.75, 1.5], "rotation": 90, "texture": "#0"}
			}
		},
		{
			"from": [6, 1, 11],
			"to": [10, 4, 15],
			"rotation": {"angle": 0, "axis": "y", "origin": [8, 1.25, 13.76082]},
			"faces": {
				"north": {"uv": [7.5, 1.5, 9, 2.25], "texture": "#0"},
				"east": {"uv": [6.75, 1.5, 7.5, 2.75], "texture": "#0"},
				"south": {"uv": [7.5, 2.25, 9, 3], "texture": "#0"},
				"west": {"uv": [6.75, 1.5, 7.5, 2.75], "texture": "#0"},
				"up": {"uv": [5.25, 1.5, 6.75, 2.25], "texture": "#0"},
				"down": {"uv": [5.25, 2.25, 6.75, 3], "texture": "#0"}
			}
		},
		{
			"from": [6, 1, 15],
			"to": [10, 4, 18],
			"rotation": {"angle": 0, "axis": "y", "origin": [8, 1.25, 13.76082]},
			"faces": {
				"north": {"uv": [11.25, 0.5, 12.75, 1], "texture": "#0"},
				"east": {"uv": [9, 1.75, 10.25, 3], "texture": "#0"},
				"south": {"uv": [9.75, 1.25, 11.25, 1.75], "texture": "#0"},
				"west": {"uv": [10.25, 1.75, 9, 3], "texture": "#0"},
				"up": {"uv": [9.75, 0.5, 11.25, 1.75], "texture": "#0"},
				"down": {"uv": [11.25, 1.75, 12.75, 0.5], "texture": "#0"}
			}
		},
		{
			"from": [6.001, 2.41293, 16.62493],
			"to": [9.999, 5.41293, 19.62493],
			"rotation": {"angle": 22.5, "axis": "x", "origin": [8, 1.25, 13.76082]},
			"faces": {
				"north": {"uv": [11.25, 0.5, 12.75, 1], "texture": "#0"},
				"east": {"uv": [10.25, 1.75, 11.5, 3], "texture": "#0"},
				"south": {"uv": [11.25, 1, 12.75, 1.75], "texture": "#0"},
				"west": {"uv": [11.5, 1.75, 10.25, 3], "texture": "#0"},
				"up": {"uv": [11.5, 1.75, 13, 3], "texture": "#0"},
				"down": {"uv": [12.75, 1.75, 14.25, 0.5], "texture": "#0"}
			}
		},
		{
			"from": [6, 4.34015, 17.58547],
			"to": [10, 7.34015, 20.58547],
			"rotation": {"angle": 45, "axis": "x", "origin": [8, 1.25, 13.76082]},
			"faces": {
				"north": {"uv": [11.25, 0.5, 12.75, 1], "texture": "#0"},
				"east": {"uv": [13, 1.75, 14.25, 3], "texture": "#0"},
				"south": {"uv": [11.25, 1, 12.75, 1.75], "texture": "#0"},
				"west": {"uv": [14.25, 1.75, 13, 3], "texture": "#0"},
				"up": {"uv": [14.25, 0.5, 15.75, 1.75], "texture": "#0"},
				"down": {"uv": [14.25, 3, 15.75, 1.75], "texture": "#0"}
			}
		},
		{
			"from": [7.5, 4, 15],
			"to": [8.5, 5, 18],
			"rotation": {"angle": 0, "axis": "y", "origin": [8, 1.25, 13.76082]},
			"faces": {
				"north": {"uv": [7, 3.5, 7.25, 3.75], "texture": "#0"},
				"east": {"uv": [6.75, 3.5, 7.5, 3.75], "texture": "#0"},
				"south": {"uv": [6.75, 3.5, 7, 3.75], "texture": "#0"},
				"west": {"uv": [7.5, 3.5, 6.75, 3.75], "texture": "#0"},
				"up": {"uv": [7.5, 3.5, 6.75, 3.75], "rotation": 90, "texture": "#0"},
				"down": {"uv": [6.75, 3.75, 7.5, 3.5], "texture": "#0"}
			}
		},
		{
			"from": [7.5, -1, 17],
			"to": [8.5, 1, 19],
			"rotation": {"angle": 0, "axis": "y", "origin": [8, 1.25, 13.76082]},
			"faces": {
				"north": {"uv": [5.5, 3.5, 5.75, 4], "texture": "#0"},
				"east": {"uv": [5, 3.5, 5.5, 4], "texture": "#0"},
				"south": {"uv": [6.25, 3.5, 6.5, 4], "texture": "#0"},
				"west": {"uv": [5.75, 3.5, 6.25, 4], "texture": "#0"},
				"up": {"uv": [6, 3.25, 5.5, 3], "rotation": 90, "texture": "#0"},
				"down": {"uv": [6, 3, 5.75, 3.5], "texture": "#0"}
			}
		},
		{
			"from": [7.5, -2, 16],
			"to": [8.5, 0, 18],
			"rotation": {"angle": 0, "axis": "y", "origin": [8, 1.25, 13.76082]},
			"faces": {
				"north": {"uv": [5, 4, 5.25, 4.25], "texture": "#0"},
				"east": {"uv": [5.25, 4.25, 5.75, 3.75], "rotation": 90, "texture": "#0"},
				"south": {"uv": [5.25, 4, 5, 4.25], "texture": "#0"},
				"west": {"uv": [5.25, 3.75, 5.75, 4.25], "rotation": 90, "texture": "#0"},
				"up": {"uv": [5.25, 4.25, 5, 4], "texture": "#0"},
				"down": {"uv": [5, 4.25, 5.5, 4], "rotation": 90, "texture": "#0"}
			}
		}
	],
	"display": {
		"thirdperson_righthand": {
			"translation": [0, 7, -6],
			"scale": [0.8, 0.8, 0.8]
		},
		"thirdperson_lefthand": {
			"translation": [0, 7, -6],
			"scale": [0.8, 0.8, 0.8]
		},
		"firstperson_righthand": {
			"translation": [0, 5, 0]
		},
		"firstperson_lefthand": {
			"translation": [0, 5, 0]
		},
		"ground": {
			"translation": [0, 8, 0]
		},
		"gui": {
			"rotation": [41.99, -37.25, 26.84],
			"translation": [-1.75, 4.25, 0],
			"scale": [0.79883, 0.79883, 0.79883]
		},
		"head": {
			"rotation": [12, 0, 0],
			"translation": [0, 18.25, 2.75],
			"scale": [1.76758, 1.76758, 1.76758]
		},
		"fixed": {
			"rotation": [-90, 0, 0],
			"translation": [0, 0, -8.5]
		}
	},
	"groups": [
		{
			"name": "shotgun",
			"origin": [0, 0, 0],
			"color": 0,
			"nbt": "{}",
			"children": [
				0,
				1,
				2,
				3,
				4,
				5,
				6,
				7,
				{
					"name": "group",
					"origin": [8, 2.23063, 14.52164],
					"color": 0,
					"nbt": "{}",
					"children": [8, 9]
				}
			]
		}
	]
}