{
	"parent": "builtin/generated",
	"gui_light": "front",
	"display": {
		"thirdperson_righthand": {
			"rotation": [10, -90, 55],
			"translation": [0, 9, 1.2],
			"scale": [1.3, 1.3, 0.7]
		},
		"thirdperson_lefthand": {
			"rotation": [10, 90, -55],
			"translation": [0, 6, 0.6],
			"scale": [1.3, 1.3, 0.7]
		},
		"firstperson_righthand": {
			"rotation": [0, -90, 30],
			"translation": [2, 5, 0],
			"scale": [1.1, 1.1, 0.7]
		},
		"firstperson_lefthand": {
			"rotation": [0, 90, -30],
			"translation": [2, 4, 0],
			"scale": [1.1, 1.1, 0.7]
		},
		"ground": {
			"rotation": [0, -25.5, 0],
			"translation": [0, 0, 0],
			"scale": [1.3, 1.3, 0.7]
		},
		"gui": {
			"rotation": [0, 0, 0],
			"translation": [0, 0, 0],
			"scale": [1.1, 1.1, 0.5]
		},
		"fixed": {
			"rotation": [2, 2, 90],
			"translation": [0, 0, 0]
		}
	}
}