{
	"credit": "Made with Blockbench",
	"texture_size": [64, 64],
	"textures": {
		"0": "./scattergun",
		"particle": "./scattergun"
	},
	"elements": [
		{
			"from": [-1.5, 13, 9],
			"to": [6.5, 15, 11],
			"rotation": {"angle": 0, "axis": "y", "origin": [8, 13, 9]},
			"faces": {
				"north": {"uv": [5.25, 1, 1, 2], "texture": "#0"},
				"east": {"uv": [0, 1, 1, 2], "texture": "#0"},
				"south": {"uv": [1, 1, 5.25, 2], "texture": "#0"},
				"west": {"uv": [0, 0, 1, 1], "texture": "#0"},
				"up": {"uv": [1, 1, 5.25, 0], "texture": "#0"},
				"down": {"uv": [0, 3, 4.25, 2], "rotation": 180, "texture": "#0"}
			}
		},
		{
			"from": [-1.5, 13, 7],
			"to": [6.5, 15, 9],
			"rotation": {"angle": 0, "axis": "y", "origin": [8, 13, 9]},
			"faces": {
				"north": {"uv": [5.25, 1, 1, 2], "texture": "#0"},
				"east": {"uv": [0, 1, 1, 2], "texture": "#0"},
				"south": {"uv": [1, 1, 5.25, 2], "texture": "#0"},
				"west": {"uv": [0, 0, 1, 1], "texture": "#0"},
				"up": {"uv": [1, 0, 5.25, 1], "texture": "#0"},
				"down": {"uv": [0, 2, 4.25, 3], "rotation": 180, "texture": "#0"}
			}
		},
		{
			"from": [-1, 12, 7.5],
			"to": [6.5, 13, 10.5],
			"rotation": {"angle": 0, "axis": "y", "origin": [8, 13, 9]},
			"faces": {
				"north": {"uv": [13.75, 0, 9.75, 0.5], "texture": "#0"},
				"east": {"uv": [5.25, 0, 5.75, 1.5], "rotation": 90, "texture": "#0"},
				"south": {"uv": [9.75, 0, 13.75, 0.5], "texture": "#0"},
				"west": {"uv": [5.25, 0, 5.75, 1.5], "rotation": 90, "texture": "#0"},
				"up": {"uv": [9.75, 1.5, 5.75, 0], "texture": "#0"},
				"down": {"uv": [5.75, 0, 9.75, 1.5], "rotation": 180, "texture": "#0"}
			}
		},
		{
			"from": [4.5, 15, 9.5],
			"to": [5, 15.5, 10],
			"rotation": {"angle": 0, "axis": "y", "origin": [8, 13, 9]},
			"faces": {
				"north": {"uv": [4.25, 2.25, 4.5, 2.5], "texture": "#0"},
				"east": {"uv": [4.25, 2.25, 4.5, 2.5], "texture": "#0"},
				"south": {"uv": [4.5, 2.25, 4.25, 2.5], "texture": "#0"},
				"west": {"uv": [4.25, 2.25, 4.5, 2.5], "texture": "#0"},
				"up": {"uv": [4.5, 2.25, 4.25, 2.5], "texture": "#0"},
				"down": {"uv": [4.25, 2.5, 4.5, 2.25], "rotation": 90, "texture": "#0"}
			}
		},
		{
			"from": [4.5, 15, 8],
			"to": [5, 15.5, 8.5],
			"rotation": {"angle": 0, "axis": "y", "origin": [8, 13, 9]},
			"faces": {
				"north": {"uv": [4.25, 2.25, 4.5, 2.5], "texture": "#0"},
				"east": {"uv": [4.25, 2.25, 4.5, 2.5], "texture": "#0"},
				"south": {"uv": [4.5, 2.25, 4.25, 2.5], "texture": "#0"},
				"west": {"uv": [4.25, 2.25, 4.5, 2.5], "texture": "#0"},
				"up": {"uv": [4.5, 2.25, 4.25, 2.5], "texture": "#0"},
				"down": {"uv": [4.25, 2.5, 4.5, 2.25], "rotation": 90, "texture": "#0"}
			}
		},
		{
			"from": [-0.5, 15, 8.5],
			"to": [0, 15.5, 9.5],
			"rotation": {"angle": 0, "axis": "y", "origin": [8, 13, 9]},
			"faces": {
				"north": {"uv": [4.25, 2, 4.5, 2.25], "texture": "#0"},
				"east": {"uv": [4.25, 2, 4.5, 2.5], "rotation": 90, "texture": "#0"},
				"south": {"uv": [4.5, 2, 4.25, 2.25], "texture": "#0"},
				"west": {"uv": [4.25, 2.5, 4.5, 2], "rotation": 90, "texture": "#0"},
				"up": {"uv": [4.5, 2, 4.25, 2.5], "texture": "#0"},
				"down": {"uv": [4.5, 2, 4.25, 2.5], "texture": "#0"}
			}
		},
		{
			"from": [6.5, 12.5, 6.5],
			"to": [10, 15, 7],
			"rotation": {"angle": 0, "axis": "y", "origin": [8, 13, 9]},
			"faces": {
				"north": {"uv": [0, 3, 1.5, 4.25], "texture": "#0"},
				"east": {"uv": [2, 3, 2.25, 4.25], "texture": "#0"},
				"south": {"uv": [1.5, 3, 0, 4.25], "texture": "#0"},
				"west": {"uv": [1.75, 3, 2, 4.25], "texture": "#0"},
				"up": {"uv": [1.5, 4.25, 0, 4.5], "texture": "#0"},
				"down": {"uv": [1.5, 3, 1.75, 4.5], "rotation": 90, "texture": "#0"}
			}
		},
		{
			"from": [6.5, 12.5, 11],
			"to": [10, 15, 11.5],
			"rotation": {"angle": 0, "axis": "y", "origin": [8, 13, 9]},
			"faces": {
				"north": {"uv": [4.5, 3, 3, 4.25], "texture": "#0"},
				"east": {"uv": [2.25, 3, 2.5, 4.25], "texture": "#0"},
				"south": {"uv": [3, 3, 4.5, 4.25], "texture": "#0"},
				"west": {"uv": [2.5, 3, 2.75, 4.25], "texture": "#0"},
				"up": {"uv": [3, 4.25, 4.5, 4.5], "texture": "#0"},
				"down": {"uv": [2.75, 3, 3, 4.5], "rotation": 90, "texture": "#0"}
			}
		},
		{
			"from": [6.5, 15, 7],
			"to": [10, 15.5, 11],
			"rotation": {"angle": 0, "axis": "y", "origin": [8, 13, 9]},
			"faces": {
				"north": {"uv": [6.5, 2.5, 6.75, 4], "rotation": 90, "texture": "#0"},
				"east": {"uv": [4.5, 2.5, 4.75, 4.5], "rotation": 90, "texture": "#0"},
				"south": {"uv": [6.75, 2.5, 7, 4], "rotation": 90, "texture": "#0"},
				"west": {"uv": [4.75, 2.5, 5, 4.5], "rotation": 270, "texture": "#0"},
				"up": {"uv": [5, 2.5, 6.5, 4.5], "texture": "#0"},
				"down": {"uv": [6.5, 2.5, 5, 4.5], "rotation": 180, "texture": "#0"}
			}
		},
		{
			"from": [6.5, 12.5, 7],
			"to": [10, 13, 11],
			"rotation": {"angle": 0, "axis": "y", "origin": [8, 13, 9]},
			"faces": {
				"north": {"uv": [9, 2.5, 9.25, 4], "rotation": 90, "texture": "#0"},
				"east": {"uv": [7, 2.5, 7.25, 4.5], "rotation": 90, "texture": "#0"},
				"south": {"uv": [9.25, 2.5, 9.5, 4], "rotation": 90, "texture": "#0"},
				"west": {"uv": [7.25, 2.5, 7.5, 4.5], "rotation": 270, "texture": "#0"},
				"up": {"uv": [7.5, 2.5, 9, 4.5], "texture": "#0"},
				"down": {"uv": [9, 2.5, 7.5, 4.5], "rotation": 180, "texture": "#0"}
			}
		},
		{
			"from": [6.5, 12, 7],
			"to": [10, 12.5, 11],
			"rotation": {"angle": 0, "axis": "y", "origin": [8, 13, 9]},
			"faces": {
				"north": {"uv": [11.5, 2.5, 11.75, 4], "rotation": 90, "texture": "#0"},
				"east": {"uv": [9.5, 2.5, 9.75, 4.5], "rotation": 90, "texture": "#0"},
				"south": {"uv": [11.75, 2.5, 12, 4], "rotation": 90, "texture": "#0"},
				"west": {"uv": [9.75, 2.5, 10, 4.5], "rotation": 270, "texture": "#0"},
				"up": {"uv": [10, 2.5, 11.5, 4.5], "texture": "#0"},
				"down": {"uv": [11.5, 2.5, 10, 4.5], "rotation": 180, "texture": "#0"}
			}
		},
		{
			"from": [10.5, 12, 8.5],
			"to": [11, 13, 9.5],
			"rotation": {"angle": 0, "axis": "y", "origin": [8, 13, 9]},
			"faces": {
				"north": {"uv": [4.25, 2.5, 4.5, 2.75], "texture": "#0"},
				"east": {"uv": [4.25, 2.5, 4.5, 2.75], "texture": "#0"},
				"south": {"uv": [4.5, 2.5, 4.25, 2.75], "texture": "#0"},
				"west": {"uv": [4.25, 2.5, 4.5, 2.75], "texture": "#0"},
				"up": {"uv": [4.5, 2.5, 4.25, 2.75], "texture": "#0"},
				"down": {"uv": [4.25, 2.75, 4.5, 2.5], "rotation": 90, "texture": "#0"}
			}
		},
		{
			"from": [11, 11.5, 8.5],
			"to": [12, 12, 9.5],
			"rotation": {"angle": 0, "axis": "y", "origin": [8, 13, 9]},
			"faces": {
				"north": {"uv": [4.25, 2.5, 4.5, 2.75], "texture": "#0"},
				"east": {"uv": [4.25, 2.5, 4.5, 2.75], "texture": "#0"},
				"south": {"uv": [4.5, 2.5, 4.25, 2.75], "texture": "#0"},
				"west": {"uv": [4.25, 2.5, 4.5, 2.75], "texture": "#0"},
				"up": {"uv": [4.5, 2.5, 4.25, 2.75], "texture": "#0"},
				"down": {"uv": [4.25, 2.75, 4.5, 2.5], "rotation": 90, "texture": "#0"}
			}
		},
		{
			"from": [11.5, 12, 8.5],
			"to": [12, 13, 9.5],
			"rotation": {"angle": 0, "axis": "y", "origin": [8, 13, 9]},
			"faces": {
				"north": {"uv": [4.25, 2.5, 4.5, 2.75], "texture": "#0"},
				"east": {"uv": [4.25, 2.5, 4.5, 2.75], "texture": "#0"},
				"south": {"uv": [4.5, 2.5, 4.25, 2.75], "texture": "#0"},
				"west": {"uv": [4.25, 2.5, 4.5, 2.75], "texture": "#0"},
				"up": {"uv": [4.5, 2.5, 4.25, 2.75], "texture": "#0"},
				"down": {"uv": [4.25, 2.75, 4.5, 2.5], "rotation": 90, "texture": "#0"}
			}
		},
		{
			"from": [12, 12.5, 8.5],
			"to": [13.5, 13, 9.5],
			"rotation": {"angle": 0, "axis": "y", "origin": [8, 13, 9]},
			"faces": {
				"north": {"uv": [4.25, 2.5, 4.5, 2.75], "texture": "#0"},
				"east": {"uv": [4.25, 2.5, 4.5, 2.75], "texture": "#0"},
				"south": {"uv": [4.5, 2.5, 4.25, 2.75], "texture": "#0"},
				"west": {"uv": [4.25, 2.5, 4.5, 2.75], "texture": "#0"},
				"up": {"uv": [4.5, 2.5, 4.25, 2.75], "texture": "#0"},
				"down": {"uv": [4.25, 2.75, 4.5, 2.5], "rotation": 90, "texture": "#0"}
			}
		},
		{
			"from": [12, 11, 8.5],
			"to": [13.5, 11.5, 9.5],
			"rotation": {"angle": 0, "axis": "y", "origin": [8, 13, 9]},
			"faces": {
				"north": {"uv": [4.25, 2.5, 4.5, 2.75], "texture": "#0"},
				"east": {"uv": [4.25, 2.5, 4.5, 2.75], "texture": "#0"},
				"south": {"uv": [4.5, 2.5, 4.25, 2.75], "texture": "#0"},
				"west": {"uv": [4.25, 2.5, 4.5, 2.75], "texture": "#0"},
				"up": {"uv": [4.5, 2.5, 4.25, 2.75], "texture": "#0"},
				"down": {"uv": [4.25, 2.75, 4.5, 2.5], "rotation": 90, "texture": "#0"}
			}
		},
		{
			"from": [15.5, 11, 8.5],
			"to": [17, 11.5, 9.5],
			"rotation": {"angle": 0, "axis": "y", "origin": [8, 13, 9]},
			"faces": {
				"north": {"uv": [4.25, 2.5, 4.5, 2.75], "texture": "#0"},
				"east": {"uv": [4.25, 2.5, 4.5, 2.75], "texture": "#0"},
				"south": {"uv": [4.5, 2.5, 4.25, 2.75], "texture": "#0"},
				"west": {"uv": [4.25, 2.5, 4.5, 2.75], "texture": "#0"},
				"up": {"uv": [4.5, 2.5, 4.25, 2.75], "texture": "#0"},
				"down": {"uv": [4.25, 2.75, 4.5, 2.5], "rotation": 90, "texture": "#0"}
			}
		},
		{
			"from": [15, 11.5, 8.5],
			"to": [15.5, 12, 9.5],
			"rotation": {"angle": 0, "axis": "y", "origin": [8, 13, 9]},
			"faces": {
				"north": {"uv": [4.25, 2.5, 4.5, 2.75], "texture": "#0"},
				"east": {"uv": [4.25, 2.5, 4.5, 2.75], "texture": "#0"},
				"south": {"uv": [4.5, 2.5, 4.25, 2.75], "texture": "#0"},
				"west": {"uv": [4.25, 2.5, 4.5, 2.75], "texture": "#0"},
				"up": {"uv": [4.5, 2.5, 4.25, 2.75], "texture": "#0"},
				"down": {"uv": [4.25, 2.75, 4.5, 2.5], "rotation": 90, "texture": "#0"}
			}
		},
		{
			"from": [13.5, 12, 8.5],
			"to": [15, 12.5, 9.5],
			"rotation": {"angle": 0, "axis": "y", "origin": [8, 13, 9]},
			"faces": {
				"north": {"uv": [4.25, 2.5, 4.5, 2.75], "texture": "#0"},
				"east": {"uv": [4.25, 2.5, 4.5, 2.75], "texture": "#0"},
				"south": {"uv": [4.5, 2.5, 4.25, 2.75], "texture": "#0"},
				"west": {"uv": [4.25, 2.5, 4.5, 2.75], "texture": "#0"},
				"up": {"uv": [4.5, 2.5, 4.25, 2.75], "texture": "#0"},
				"down": {"uv": [4.25, 2.75, 4.5, 2.5], "rotation": 90, "texture": "#0"}
			}
		},
		{
			"from": [13.5, 10.5, 8.5],
			"to": [15.5, 11, 9.5],
			"rotation": {"angle": 0, "axis": "y", "origin": [8, 13, 9]},
			"faces": {
				"north": {"uv": [4.25, 2.5, 4.5, 2.75], "texture": "#0"},
				"east": {"uv": [4.25, 2.5, 4.5, 2.75], "texture": "#0"},
				"south": {"uv": [4.5, 2.5, 4.25, 2.75], "texture": "#0"},
				"west": {"uv": [4.25, 2.5, 4.5, 2.75], "texture": "#0"},
				"up": {"uv": [4.5, 2.5, 4.25, 2.75], "texture": "#0"},
				"down": {"uv": [4.25, 2.75, 4.5, 2.5], "rotation": 90, "texture": "#0"}
			}
		},
		{
			"from": [10, 13, 7],
			"to": [14, 15, 11],
			"rotation": {"angle": 0, "axis": "y", "origin": [12, 14, 9]},
			"faces": {
				"north": {"uv": [0, 6, 0.5, 7.75], "rotation": 90, "texture": "#0"},
				"east": {"uv": [0.5, 6, 1, 8], "rotation": 90, "texture": "#0"},
				"south": {"uv": [0, 7.75, 0.5, 6], "rotation": 90, "texture": "#0"},
				"west": {"uv": [0.5, 6, 1, 8], "rotation": 90, "texture": "#0"},
				"up": {"uv": [1, 6, 3, 7.75], "rotation": 270, "texture": "#0"},
				"down": {"uv": [3, 7.75, 5, 6], "rotation": 90, "texture": "#0"}
			}
		},
		{
			"from": [13.50314, 12.5021, 7.002],
			"to": [16.50314, 14.5021, 11],
			"rotation": {"angle": -22.5, "axis": "z", "origin": [15.00314, 13.5021, 9.001]},
			"faces": {
				"north": {"uv": [5, 6, 5.5, 7.5], "rotation": 90, "texture": "#0"},
				"east": {"uv": [5.5, 6, 6, 8], "rotation": 90, "texture": "#0"},
				"south": {"uv": [5, 7.5, 5.5, 6], "rotation": 90, "texture": "#0"},
				"west": {"uv": [5.5, 6, 6, 8], "rotation": 90, "texture": "#0"},
				"up": {"uv": [6, 6, 8, 7.5], "rotation": 270, "texture": "#0"},
				"down": {"uv": [8, 7.5, 10, 6], "rotation": 90, "texture": "#0"}
			}
		},
		{
			"from": [15.47875, 10.73063, 7],
			"to": [19.47875, 12.73063, 11],
			"rotation": {"angle": -45, "axis": "z", "origin": [17.47875, 11.73063, 9]},
			"faces": {
				"north": {"uv": [10, 6, 10.5, 7.75], "rotation": 90, "texture": "#0"},
				"east": {"uv": [10.5, 6, 11, 8], "rotation": 90, "texture": "#0"},
				"south": {"uv": [10, 7.75, 10.5, 6], "rotation": 90, "texture": "#0"},
				"west": {"uv": [10.5, 6, 11, 8], "rotation": 90, "texture": "#0"},
				"up": {"uv": [11, 6, 13, 7.75], "rotation": 270, "texture": "#0"},
				"down": {"uv": [13, 7.75, 15, 6], "rotation": 90, "texture": "#0"}
			}
		}
	],
	"gui_light": "front",
	"display": {
		"thirdperson_righthand": {
			"rotation": [180, -75, 180],
			"translation": [1.25, -3.15, -2.25],
			"scale": [0.8, 0.8, 0.8]
		},
		"thirdperson_lefthand": {
			"rotation": [180, 105, 180],
			"translation": [-11.5, -1.9, -3.25],
			"scale": [0.8, 0.8, 0.8]
		},
		"firstperson_righthand": {
			"rotation": [180, -80, 175],
			"translation": [2.38, 0, -1.37],
			"scale": [0.68, 0.68, 0.68]
		},
		"firstperson_lefthand": {
			"rotation": [180, 100, -175],
			"translation": [2.38, 0, -1.37],
			"scale": [0.68, 0.68, 0.68]
		},
		"ground": {
			"rotation": [0, 0, -45],
			"translation": [-1.75, 4.75, 0],
			"scale": [0.5, 0.5, 0.5]
		},
		"gui": {
			"rotation": [-14, 31, -12],
			"translation": [-4.75, -1.25, 0],
			"scale": [0.98, 0.98, 0.98]
		},
		"head": {
			"rotation": [0, -90, 0],
			"translation": [0, 4.5, -4.5]
		},
		"fixed": {
			"rotation": [0, -180, -43],
			"translation": [6.5, 0.5, -1.5]
		}
	},
	"groups": [
		{
			"name": "scattergun",
			"origin": [0, 0, 0],
			"color": 0,
			"nbt": "{}",
			"children": [
				{
					"name": "group",
					"origin": [8, 1.25, 13.76082],
					"color": 0,
					"nbt": "{}",
					"children": [0, 1, 2, 3, 4, 5]
				},
				{
					"name": "group",
					"origin": [8, 1.25, 13.76082],
					"color": 0,
					"nbt": "{}",
					"children": [
						{
							"name": "group",
							"origin": [8, 1.25, 13.76082],
							"color": 0,
							"nbt": "{}",
							"children": [6, 7, 8, 9, 10]
						}
					]
				},
				{
					"name": "group",
					"origin": [8, 0.75, 15.26082],
					"color": 0,
					"nbt": "{}",
					"children": [11, 12, 13, 14, 15, 16, 17, 18, 19]
				},
				{
					"name": "group",
					"origin": [8.31115, 0.87827, 14.56115],
					"color": 0,
					"nbt": "{}",
					"children": [20, 21, 22]
				}
			]
		}
	]
}