{
	"credit": "Made with Blockbench",
	"texture_size": [64, 64],
	"textures": {
		"0": "./scattergun",
		"particle": "./scattergun"
	},
	"elements": [
		{
			"from": [6, 2, 1.5],
			"to": [8, 4, 9.5],
			"rotation": {"angle": 0, "axis": "y", "origin": [8, 1.25, 12.76082]},
			"faces": {
				"north": {"uv": [0, 0, 1, 1], "texture": "#0"},
				"east": {"uv": [5.25, 1, 1, 2], "texture": "#0"},
				"south": {"uv": [0, 1, 1, 2], "texture": "#0"},
				"west": {"uv": [1, 1, 5.25, 2], "texture": "#0"},
				"up": {"uv": [1, 1, 5.25, 0], "rotation": 90, "texture": "#0"},
				"down": {"uv": [0, 3, 4.25, 2], "rotation": 90, "texture": "#0"}
			}
		},
		{
			"from": [8, 2, 1.5],
			"to": [10, 4, 9.5],
			"rotation": {"angle": 0, "axis": "y", "origin": [8, 1.25, 12.76082]},
			"faces": {
				"north": {"uv": [0, 0, 1, 1], "texture": "#0"},
				"east": {"uv": [5.25, 1, 1, 2], "texture": "#0"},
				"south": {"uv": [0, 1, 1, 2], "texture": "#0"},
				"west": {"uv": [1, 1, 5.25, 2], "texture": "#0"},
				"up": {"uv": [1, 0, 5.25, 1], "rotation": 90, "texture": "#0"},
				"down": {"uv": [0, 2, 4.25, 3], "rotation": 90, "texture": "#0"}
			}
		},
		{
			"from": [6.5, 1, 2],
			"to": [9.5, 2, 9.5],
			"rotation": {"angle": 0, "axis": "y", "origin": [8, 1.25, 12.76082]},
			"faces": {
				"north": {"uv": [5.25, 0, 5.75, 1.5], "rotation": 90, "texture": "#0"},
				"east": {"uv": [13.75, 0, 9.75, 0.5], "texture": "#0"},
				"south": {"uv": [5.25, 0, 5.75, 1.5], "rotation": 90, "texture": "#0"},
				"west": {"uv": [9.75, 0, 13.75, 0.5], "texture": "#0"},
				"up": {"uv": [9.75, 1.5, 5.75, 0], "rotation": 90, "texture": "#0"},
				"down": {"uv": [5.75, 0, 9.75, 1.5], "rotation": 90, "texture": "#0"}
			}
		},
		{
			"from": [7, 4, 7.5],
			"to": [7.5, 4.5, 8],
			"rotation": {"angle": 0, "axis": "y", "origin": [7.5, 1.25, 12.26082]},
			"faces": {
				"north": {"uv": [4.25, 2.25, 4.5, 2.5], "texture": "#0"},
				"east": {"uv": [4.25, 2.25, 4.5, 2.5], "texture": "#0"},
				"south": {"uv": [4.25, 2.25, 4.5, 2.5], "texture": "#0"},
				"west": {"uv": [4.5, 2.25, 4.25, 2.5], "texture": "#0"},
				"up": {"uv": [4.5, 2.25, 4.25, 2.5], "rotation": 90, "texture": "#0"},
				"down": {"uv": [4.25, 2.5, 4.5, 2.25], "texture": "#0"}
			}
		},
		{
			"from": [8.5, 4, 7.5],
			"to": [9, 4.5, 8],
			"rotation": {"angle": 0, "axis": "y", "origin": [9, 1.25, 12.26082]},
			"faces": {
				"north": {"uv": [4.25, 2.25, 4.5, 2.5], "texture": "#0"},
				"east": {"uv": [4.25, 2.25, 4.5, 2.5], "texture": "#0"},
				"south": {"uv": [4.25, 2.25, 4.5, 2.5], "texture": "#0"},
				"west": {"uv": [4.5, 2.25, 4.25, 2.5], "texture": "#0"},
				"up": {"uv": [4.5, 2.25, 4.25, 2.5], "rotation": 90, "texture": "#0"},
				"down": {"uv": [4.25, 2.5, 4.5, 2.25], "texture": "#0"}
			}
		},
		{
			"from": [7.5, 4, 2.5],
			"to": [8.5, 4.5, 3],
			"rotation": {"angle": 0, "axis": "y", "origin": [8, 1.25, 12.26082]},
			"faces": {
				"north": {"uv": [4.25, 2.5, 4.5, 2], "rotation": 90, "texture": "#0"},
				"east": {"uv": [4.25, 2.25, 4.5, 2.5], "texture": "#0"},
				"south": {"uv": [4.25, 2, 4.5, 2.5], "rotation": 90, "texture": "#0"},
				"west": {"uv": [4.5, 2, 4.25, 2.25], "texture": "#0"},
				"up": {"uv": [4.5, 2, 4.25, 2.5], "rotation": 90, "texture": "#0"},
				"down": {"uv": [4.5, 2, 4.25, 2.5], "rotation": 90, "texture": "#0"}
			}
		},
		{
			"from": [10, 1.5, 9.5],
			"to": [10.5, 4, 13],
			"rotation": {"angle": 0, "axis": "y", "origin": [8.5, 1.25, 12.26082]},
			"faces": {
				"north": {"uv": [1.75, 3, 2, 4.25], "texture": "#0"},
				"east": {"uv": [0, 3, 1.5, 4.25], "texture": "#0"},
				"south": {"uv": [2, 3, 2.25, 4.25], "texture": "#0"},
				"west": {"uv": [1.5, 3, 0, 4.25], "texture": "#0"},
				"up": {"uv": [1.5, 4.25, 0, 4.5], "rotation": 90, "texture": "#0"},
				"down": {"uv": [1.5, 3, 1.75, 4.5], "texture": "#0"}
			}
		},
		{
			"from": [5.5, 1.5, 9.5],
			"to": [6, 4, 13],
			"rotation": {"angle": 0, "axis": "y", "origin": [4, 1.25, 12.26082]},
			"faces": {
				"north": {"uv": [2.5, 3, 2.75, 4.25], "texture": "#0"},
				"east": {"uv": [4.5, 3, 3, 4.25], "texture": "#0"},
				"south": {"uv": [2.25, 3, 2.5, 4.25], "texture": "#0"},
				"west": {"uv": [3, 3, 4.5, 4.25], "texture": "#0"},
				"up": {"uv": [3, 4.25, 4.5, 4.5], "rotation": 90, "texture": "#0"},
				"down": {"uv": [2.75, 3, 3, 4.5], "texture": "#0"}
			}
		},
		{
			"from": [6, 4, 9.5],
			"to": [10, 4.5, 13],
			"rotation": {"angle": 0, "axis": "y", "origin": [8, 4.25, 11.25]},
			"faces": {
				"north": {"uv": [4.75, 2.5, 5, 4.5], "rotation": 270, "texture": "#0"},
				"east": {"uv": [6.5, 2.5, 6.75, 4], "rotation": 90, "texture": "#0"},
				"south": {"uv": [4.5, 2.5, 4.75, 4.5], "rotation": 90, "texture": "#0"},
				"west": {"uv": [6.75, 2.5, 7, 4], "rotation": 90, "texture": "#0"},
				"up": {"uv": [5, 2.5, 6.5, 4.5], "rotation": 90, "texture": "#0"},
				"down": {"uv": [6.5, 2.5, 5, 4.5], "rotation": 90, "texture": "#0"}
			}
		},
		{
			"from": [6, 1.5, 9.5],
			"to": [10, 2, 13],
			"rotation": {"angle": 0, "axis": "y", "origin": [8, 1.75, 11.25]},
			"faces": {
				"north": {"uv": [7.25, 2.5, 7.5, 4.5], "rotation": 270, "texture": "#0"},
				"east": {"uv": [9, 2.5, 9.25, 4], "rotation": 90, "texture": "#0"},
				"south": {"uv": [7, 2.5, 7.25, 4.5], "rotation": 90, "texture": "#0"},
				"west": {"uv": [9.25, 2.5, 9.5, 4], "rotation": 90, "texture": "#0"},
				"up": {"uv": [7.5, 2.5, 9, 4.5], "rotation": 90, "texture": "#0"},
				"down": {"uv": [9, 2.5, 7.5, 4.5], "rotation": 90, "texture": "#0"}
			}
		},
		{
			"from": [6, 1, 9.5],
			"to": [10, 1.5, 13],
			"rotation": {"angle": 0, "axis": "y", "origin": [8, 1.25, 11.25]},
			"faces": {
				"north": {"uv": [9.75, 2.5, 10, 4.5], "rotation": 270, "texture": "#0"},
				"east": {"uv": [11.5, 2.5, 11.75, 4], "rotation": 90, "texture": "#0"},
				"south": {"uv": [9.5, 2.5, 9.75, 4.5], "rotation": 90, "texture": "#0"},
				"west": {"uv": [11.75, 2.5, 12, 4], "rotation": 90, "texture": "#0"},
				"up": {"uv": [10, 2.5, 11.5, 4.5], "rotation": 90, "texture": "#0"},
				"down": {"uv": [11.5, 2.5, 10, 4.5], "rotation": 90, "texture": "#0"}
			}
		},
		{
			"from": [7.5, 1, 13.5],
			"to": [8.5, 2, 14],
			"rotation": {"angle": 0, "axis": "y", "origin": [8, 1.25, 12.26082]},
			"faces": {
				"north": {"uv": [4.25, 2.5, 4.5, 2.75], "texture": "#0"},
				"east": {"uv": [4.25, 2.5, 4.5, 2.75], "texture": "#0"},
				"south": {"uv": [4.25, 2.5, 4.5, 2.75], "texture": "#0"},
				"west": {"uv": [4.5, 2.5, 4.25, 2.75], "texture": "#0"},
				"up": {"uv": [4.5, 2.5, 4.25, 2.75], "rotation": 90, "texture": "#0"},
				"down": {"uv": [4.25, 2.75, 4.5, 2.5], "texture": "#0"}
			}
		},
		{
			"from": [7.5, 0.5, 14],
			"to": [8.5, 1, 15],
			"rotation": {"angle": 0, "axis": "y", "origin": [8, 1.75, 11.76082]},
			"faces": {
				"north": {"uv": [4.25, 2.5, 4.5, 2.75], "texture": "#0"},
				"east": {"uv": [4.25, 2.5, 4.5, 2.75], "texture": "#0"},
				"south": {"uv": [4.25, 2.5, 4.5, 2.75], "texture": "#0"},
				"west": {"uv": [4.5, 2.5, 4.25, 2.75], "texture": "#0"},
				"up": {"uv": [4.5, 2.5, 4.25, 2.75], "rotation": 90, "texture": "#0"},
				"down": {"uv": [4.25, 2.75, 4.5, 2.5], "texture": "#0"}
			}
		},
		{
			"from": [7.5, 1, 14.5],
			"to": [8.5, 2, 15],
			"rotation": {"angle": 0, "axis": "y", "origin": [8, 1.25, 12.26082]},
			"faces": {
				"north": {"uv": [4.25, 2.5, 4.5, 2.75], "texture": "#0"},
				"east": {"uv": [4.25, 2.5, 4.5, 2.75], "texture": "#0"},
				"south": {"uv": [4.25, 2.5, 4.5, 2.75], "texture": "#0"},
				"west": {"uv": [4.5, 2.5, 4.25, 2.75], "texture": "#0"},
				"up": {"uv": [4.5, 2.5, 4.25, 2.75], "rotation": 90, "texture": "#0"},
				"down": {"uv": [4.25, 2.75, 4.5, 2.5], "texture": "#0"}
			}
		},
		{
			"from": [7.5, 1.5, 15],
			"to": [8.5, 2, 16.5],
			"rotation": {"angle": 0, "axis": "y", "origin": [8, 2.75, 12.76082]},
			"faces": {
				"north": {"uv": [4.25, 2.5, 4.5, 2.75], "texture": "#0"},
				"east": {"uv": [4.25, 2.5, 4.5, 2.75], "texture": "#0"},
				"south": {"uv": [4.25, 2.5, 4.5, 2.75], "texture": "#0"},
				"west": {"uv": [4.5, 2.5, 4.25, 2.75], "texture": "#0"},
				"up": {"uv": [4.5, 2.5, 4.25, 2.75], "rotation": 90, "texture": "#0"},
				"down": {"uv": [4.25, 2.75, 4.5, 2.5], "texture": "#0"}
			}
		},
		{
			"from": [7.5, 0, 15],
			"to": [8.5, 0.5, 16.5],
			"rotation": {"angle": 0, "axis": "y", "origin": [8, 1.25, 12.76082]},
			"faces": {
				"north": {"uv": [4.25, 2.5, 4.5, 2.75], "texture": "#0"},
				"east": {"uv": [4.25, 2.5, 4.5, 2.75], "texture": "#0"},
				"south": {"uv": [4.25, 2.5, 4.5, 2.75], "texture": "#0"},
				"west": {"uv": [4.5, 2.5, 4.25, 2.75], "texture": "#0"},
				"up": {"uv": [4.5, 2.5, 4.25, 2.75], "rotation": 90, "texture": "#0"},
				"down": {"uv": [4.25, 2.75, 4.5, 2.5], "texture": "#0"}
			}
		},
		{
			"from": [7.5, 0, 18.5],
			"to": [8.5, 0.5, 20],
			"rotation": {"angle": 0, "axis": "y", "origin": [8, 1.25, 16.26082]},
			"faces": {
				"north": {"uv": [4.25, 2.5, 4.5, 2.75], "texture": "#0"},
				"east": {"uv": [4.25, 2.5, 4.5, 2.75], "texture": "#0"},
				"south": {"uv": [4.25, 2.5, 4.5, 2.75], "texture": "#0"},
				"west": {"uv": [4.5, 2.5, 4.25, 2.75], "texture": "#0"},
				"up": {"uv": [4.5, 2.5, 4.25, 2.75], "rotation": 90, "texture": "#0"},
				"down": {"uv": [4.25, 2.75, 4.5, 2.5], "texture": "#0"}
			}
		},
		{
			"from": [7.5, 0.5, 18],
			"to": [8.5, 1, 18.5],
			"rotation": {"angle": 0, "axis": "y", "origin": [8, 1.75, 15.76082]},
			"faces": {
				"north": {"uv": [4.25, 2.5, 4.5, 2.75], "texture": "#0"},
				"east": {"uv": [4.25, 2.5, 4.5, 2.75], "texture": "#0"},
				"south": {"uv": [4.25, 2.5, 4.5, 2.75], "texture": "#0"},
				"west": {"uv": [4.5, 2.5, 4.25, 2.75], "texture": "#0"},
				"up": {"uv": [4.5, 2.5, 4.25, 2.75], "rotation": 90, "texture": "#0"},
				"down": {"uv": [4.25, 2.75, 4.5, 2.5], "texture": "#0"}
			}
		},
		{
			"from": [7.5, 1, 16.5],
			"to": [8.5, 1.5, 18],
			"rotation": {"angle": 0, "axis": "y", "origin": [8, 2.25, 14.26082]},
			"faces": {
				"north": {"uv": [4.25, 2.5, 4.5, 2.75], "texture": "#0"},
				"east": {"uv": [4.25, 2.5, 4.5, 2.75], "texture": "#0"},
				"south": {"uv": [4.25, 2.5, 4.5, 2.75], "texture": "#0"},
				"west": {"uv": [4.5, 2.5, 4.25, 2.75], "texture": "#0"},
				"up": {"uv": [4.5, 2.5, 4.25, 2.75], "rotation": 90, "texture": "#0"},
				"down": {"uv": [4.25, 2.75, 4.5, 2.5], "texture": "#0"}
			}
		},
		{
			"from": [7.5, -0.5, 16.5],
			"to": [8.5, 0, 18.5],
			"rotation": {"angle": 0, "axis": "y", "origin": [8, 0.75, 14.26082]},
			"faces": {
				"north": {"uv": [4.25, 2.5, 4.5, 2.75], "texture": "#0"},
				"east": {"uv": [4.25, 2.5, 4.5, 2.75], "texture": "#0"},
				"south": {"uv": [4.25, 2.5, 4.5, 2.75], "texture": "#0"},
				"west": {"uv": [4.5, 2.5, 4.25, 2.75], "texture": "#0"},
				"up": {"uv": [4.5, 2.5, 4.25, 2.75], "rotation": 90, "texture": "#0"},
				"down": {"uv": [4.25, 2.75, 4.5, 2.5], "texture": "#0"}
			}
		},
		{
			"from": [6, 2, 13],
			"to": [10, 4, 17],
			"rotation": {"angle": 0, "axis": "y", "origin": [8, 1.25, 11.76082]},
			"faces": {
				"north": {"uv": [0.5, 6, 1, 8], "rotation": 90, "texture": "#0"},
				"east": {"uv": [0, 6, 0.5, 7.75], "rotation": 90, "texture": "#0"},
				"south": {"uv": [0.5, 6, 1, 8], "rotation": 90, "texture": "#0"},
				"west": {"uv": [0, 7.75, 0.5, 6], "rotation": 90, "texture": "#0"},
				"up": {"uv": [1, 6, 3, 7.75], "texture": "#0"},
				"down": {"uv": [3, 7.75, 5, 6], "texture": "#0"}
			}
		},
		{
			"from": [6.001, 1.31075, 16.46508],
			"to": [9.999, 3.31075, 19.46508],
			"rotation": {"angle": 22.5, "axis": "x", "origin": [8, 2.31075, 18.46508]},
			"faces": {
				"north": {"uv": [5.5, 6, 6, 8], "rotation": 90, "texture": "#0"},
				"east": {"uv": [5, 6, 5.5, 7.5], "rotation": 90, "texture": "#0"},
				"south": {"uv": [5.5, 6, 6, 8], "rotation": 90, "texture": "#0"},
				"west": {"uv": [5, 7.5, 5.5, 6], "rotation": 90, "texture": "#0"},
				"up": {"uv": [6, 6, 8, 7.5], "texture": "#0"},
				"down": {"uv": [8, 7.5, 10, 6], "texture": "#0"}
			}
		},
		{
			"from": [6, 2.53364, 18.19004],
			"to": [10, 4.53364, 22.19004],
			"rotation": {"angle": 45, "axis": "x", "origin": [7.999, 1.78364, 16.95086]},
			"faces": {
				"north": {"uv": [10.5, 6, 11, 8], "rotation": 90, "texture": "#0"},
				"east": {"uv": [10, 6, 10.5, 7.75], "rotation": 90, "texture": "#0"},
				"south": {"uv": [10.5, 6, 11, 8], "rotation": 90, "texture": "#0"},
				"west": {"uv": [10, 7.75, 10.5, 6], "rotation": 90, "texture": "#0"},
				"up": {"uv": [11, 6, 13, 7.75], "texture": "#0"},
				"down": {"uv": [13, 7.75, 15, 6], "texture": "#0"}
			}
		}
	],
	"display": {
		"thirdperson_righthand": {
			"translation": [0, 5.5, -5],
			"scale": [0.8, 0.8, 0.8]
		},
		"thirdperson_lefthand": {
			"translation": [0, 5.5, -5],
			"scale": [0.8, 0.8, 0.8]
		},
		"firstperson_righthand": {
			"translation": [0, 5, 0]
		},
		"firstperson_lefthand": {
			"translation": [0, 5, 0]
		},
		"ground": {
			"translation": [0, 8, 0]
		},
		"gui": {
			"rotation": [41.99, -37.25, 26.84],
			"translation": [-1.75, 4.25, 0],
			"scale": [0.79883, 0.79883, 0.79883]
		},
		"head": {
			"rotation": [12, 0, 0],
			"translation": [0, 18.25, 2.75],
			"scale": [1.76758, 1.76758, 1.76758]
		},
		"fixed": {
			"rotation": [-90, 0, 0],
			"translation": [0, 0, -8.5]
		}
	},
	"groups": [
		{
			"name": "scattergun",
			"origin": [0, 0, 0],
			"color": 0,
			"nbt": "{}",
			"children": [
				{
					"name": "group",
					"origin": [8, 1.25, 13.76082],
					"color": 0,
					"nbt": "{}",
					"children": [0, 1, 2, 3, 4, 5]
				},
				{
					"name": "group",
					"origin": [8, 1.25, 13.76082],
					"color": 0,
					"nbt": "{}",
					"children": [
						{
							"name": "group",
							"origin": [8, 1.25, 13.76082],
							"color": 0,
							"nbt": "{}",
							"children": [6, 7, 8, 9, 10]
						}
					]
				},
				{
					"name": "group",
					"origin": [8, 0.75, 15.26082],
					"color": 0,
					"nbt": "{}",
					"children": [11, 12, 13, 14, 15, 16, 17, 18, 19]
				},
				{
					"name": "group",
					"origin": [8.31115, 0.87827, 14.56115],
					"color": 0,
					"nbt": "{}",
					"children": [20, 21, 22]
				}
			]
		}
	]
}